{"cameraMode":{"drawMode":0,"name":"Shaded","section":"Shading Mode"},"sceneLighting":true,"audioPlay":false,"sceneViewState":{"m_AlwaysRefresh":false,"showFog":true,"showSkybox":true,"showFlares":true,"showImageEffects":true,"showParticleSystems":true,"showVisualEffectGraphs":true,"m_FxEnabled":true},"in2DMode":false,"pivot":{"x":23.595439910888673,"y":8.780793190002442,"z":-25.901342391967775},"rotation":{"x":0.014074667356908322,"y":0.6066254377365112,"z":0.010715672746300698,"w":-0.7948178052902222},"size":2.043999433517456,"orthographic":false}